programa_sigla,programa_nome,categoria,docente_nome,fonte_url,data_coleta
PGAST,Astrofisica,Docente Colaborador,Jaziel Goulart Coelho,https://www.gov.br/inpe/pt-br/area-conhecimento/posgraduacao/ast/docentes,2026-04-08
PGAST,Astrofisica,Docente Colaborador,Massimo Tinto,https://www.gov.br/inpe/pt-br/area-conhecimento/posgraduacao/ast/docentes,2026-04-08
PGAST,Astrofisica,Docente Colaborador,Rafael da Costa Nunes,https://www.gov.br/inpe/pt-br/area-conhecimento/posgraduacao/ast/docentes,2026-04-08
PGAST,Astrofisica,Docente Colaborador,Tabata Aira Ferreira,https://www.gov.br/inpe/pt-br/area-conhecimento/posgraduacao/ast/docentes,2026-04-08
PGAST,Astrofisica,Docente Colaborador,Zulema Abraham,https://www.gov.br/inpe/pt-br/area-conhecimento/posgraduacao/ast/docentes,2026-04-08
PGAST,Astrofisica,Docente Permanente,Alberto Rodriguez Ardila,https://www.gov.br/inpe/pt-br/area-conhecimento/posgraduacao/ast/docentes,2026-04-08
PGAST,Astrofisica,Docente Permanente,Andre de Castro Milone,https://www.gov.br/inpe/pt-br/area-conhecimento/posgraduacao/ast/docentes,2026-04-08
PGAST,Astrofisica,Docente Permanente,Camila Paiva Novaes,https://www.gov.br/inpe/pt-br/area-conhecimento/posgraduacao/ast/docentes,2026-04-08
PGAST,Astrofisica,Docente Permanente,Carlos Alexandre Wuensche de Souza,https://www.gov.br/inpe/pt-br/area-conhecimento/posgraduacao/ast/docentes,2026-04-08
PGAST,Astrofisica,Docente Permanente,Claudia Vilega Rodrigues,https://www.gov.br/inpe/pt-br/area-conhecimento/posgraduacao/ast/docentes,2026-04-08
PGAST,Astrofisica,Docente Permanente,Diego Antonio Falceta Goncalves,https://www.gov.br/inpe/pt-br/area-conhecimento/posgraduacao/ast/docentes,2026-04-08
PGAST,Astrofisica,Docente Permanente,Eder Martioli,https://www.gov.br/inpe/pt-br/area-conhecimento/posgraduacao/ast/docentes,2026-04-08
PGAST,Astrofisica,Docente Permanente,Felipe de Almeida Fernandes,https://www.gov.br/inpe/pt-br/area-conhecimento/posgraduacao/ast/docentes,2026-04-08
PGAST,Astrofisica,Docente Permanente,Flavio D'Amico,https://www.gov.br/inpe/pt-br/area-conhecimento/posgraduacao/ast/docentes,2026-04-08
PGAST,Astrofisica,Docente Permanente,Francisco Jose Jablonski,https://www.gov.br/inpe/pt-br/area-conhecimento/posgraduacao/ast/docentes,2026-04-08
PGAST,Astrofisica,Docente Permanente,Grzegorz Kowal,https://www.gov.br/inpe/pt-br/area-conhecimento/posgraduacao/ast/docentes,2026-04-08
PGAST,Astrofisica,Docente Permanente,Isabel Regina Guerra Aleman,https://www.gov.br/inpe/pt-br/area-conhecimento/posgraduacao/ast/docentes,2026-04-08
PGAST,Astrofisica,Docente Permanente,Joaquim Eduardo Rezende Costa,https://www.gov.br/inpe/pt-br/area-conhecimento/posgraduacao/ast/docentes,2026-04-08
PGAST,Astrofisica,Docente Permanente,Jose Carlos Neves de Araujo,https://www.gov.br/inpe/pt-br/area-conhecimento/posgraduacao/ast/docentes,2026-04-08
PGAST,Astrofisica,Docente Permanente,Marcio Eduardo da Silva Alves,https://www.gov.br/inpe/pt-br/area-conhecimento/posgraduacao/ast/docentes,2026-04-08
PGAST,Astrofisica,Docente Permanente,Marcio Guilherme Bronzato de Avellar,https://www.gov.br/inpe/pt-br/area-conhecimento/posgraduacao/ast/docentes,2026-04-08
PGAST,Astrofisica,Docente Permanente,Odylio Denys de Aguiar,https://www.gov.br/inpe/pt-br/area-conhecimento/posgraduacao/ast/docentes,2026-04-08
PGAST,Astrofisica,Docente Permanente,Paulo Eduardo Freire Stecchini,https://www.gov.br/inpe/pt-br/area-conhecimento/posgraduacao/ast/docentes,2026-04-08
PGAST,Astrofisica,Docente Permanente,Ted Leandro de Almeida,https://www.gov.br/inpe/pt-br/area-conhecimento/posgraduacao/ast/docentes,2026-04-08
PGCAP,Computacao Aplicada,Docente Permanente,Alan James Peixoto Calheiros,https://www.gov.br/inpe/pt-br/area-conhecimento/posgraduacao/cap/docentes,2026-04-08
PGCAP,Computacao Aplicada,Docente Permanente,Celso Luiz Mendes,https://www.gov.br/inpe/pt-br/area-conhecimento/posgraduacao/cap/docentes,2026-04-08
PGCAP,Computacao Aplicada,Docente Permanente,Elbert Einstein Nehrer Macau,https://www.gov.br/inpe/pt-br/area-conhecimento/posgraduacao/cap/docentes,2026-04-08
PGCAP,Computacao Aplicada,Docente Permanente,Elcio Hideiti Shiguemori,https://www.gov.br/inpe/pt-br/area-conhecimento/posgraduacao/cap/docentes,2026-04-08
PGCAP,Computacao Aplicada,Docente Permanente,Gilberto Camara Neto,https://www.gov.br/inpe/pt-br/area-conhecimento/posgraduacao/cap/docentes,2026-04-08
PGCAP,Computacao Aplicada,Docente Permanente,Gilberto Ribeiro De Queiroz,https://www.gov.br/inpe/pt-br/area-conhecimento/posgraduacao/cap/docentes,2026-04-08
PGCAP,Computacao Aplicada,Docente Permanente,Haroldo Fraga De Campos Velho,https://www.gov.br/inpe/pt-br/area-conhecimento/posgraduacao/cap/docentes,2026-04-08
PGCAP,Computacao Aplicada,Docente Permanente,Karine Reis Ferreira Gomes,https://www.gov.br/inpe/pt-br/area-conhecimento/posgraduacao/cap/docentes,2026-04-08
PGCAP,Computacao Aplicada,Docente Permanente,Lamartine Nogueira Frutuoso Guimaraes,https://www.gov.br/inpe/pt-br/area-conhecimento/posgraduacao/cap/docentes,2026-04-08
PGCAP,Computacao Aplicada,Docente Permanente,Leonardo Bacelar Lima Santos,https://www.gov.br/inpe/pt-br/area-conhecimento/posgraduacao/cap/docentes,2026-04-08
PGCAP,Computacao Aplicada,Docente Permanente,Lubia Vinhas,https://www.gov.br/inpe/pt-br/area-conhecimento/posgraduacao/cap/docentes,2026-04-08
PGCAP,Computacao Aplicada,Docente Permanente,Nandamudi Lankalapalli Vijaykumar,https://www.gov.br/inpe/pt-br/area-conhecimento/posgraduacao/cap/docentes,2026-04-08
PGCAP,Computacao Aplicada,Docente Permanente,Rafael Duarte Coelho Dos Santos,https://www.gov.br/inpe/pt-br/area-conhecimento/posgraduacao/cap/docentes,2026-04-08
PGCAP,Computacao Aplicada,Docente Permanente,Reinaldo Roberto Rosa,https://www.gov.br/inpe/pt-br/area-conhecimento/posgraduacao/cap/docentes,2026-04-08
PGCAP,Computacao Aplicada,Docente Permanente,Stephan Stephany,https://www.gov.br/inpe/pt-br/area-conhecimento/posgraduacao/cap/docentes,2026-04-08
PGCAP,Computacao Aplicada,Docente Permanente,Thales Sehn Korting,https://www.gov.br/inpe/pt-br/area-conhecimento/posgraduacao/cap/docentes,2026-04-08
PGCAP,Computacao Aplicada,Docente Permanente,Valdivino Alexandre De Santiago Junior,https://www.gov.br/inpe/pt-br/area-conhecimento/posgraduacao/cap/docentes,2026-04-08
PGCST,Ciencia do Sistema Terrestre,Coordenador,Andre Rodrigues Goncalves,https://www.gov.br/inpe/pt-br/area-conhecimento/posgraduacao/cst/docentes,2026-04-08
PGCST,Ciencia do Sistema Terrestre,Docente Colaborador,Antonio Donato Nobre,https://www.gov.br/inpe/pt-br/area-conhecimento/posgraduacao/cst/docentes,2026-04-08
PGCST,Ciencia do Sistema Terrestre,Docente Colaborador,Evandro Albiach Branco,https://www.gov.br/inpe/pt-br/area-conhecimento/posgraduacao/cst/docentes,2026-04-08
PGCST,Ciencia do Sistema Terrestre,Docente Colaborador,Kleber Pinheiro Naccarato,https://www.gov.br/inpe/pt-br/area-conhecimento/posgraduacao/cst/docentes,2026-04-08
PGCST,Ciencia do Sistema Terrestre,Docente Colaborador,Luz Adriana Cuartas Pineda,https://www.gov.br/inpe/pt-br/area-conhecimento/posgraduacao/cst/docentes,2026-04-08
PGCST,Ciencia do Sistema Terrestre,Docente Permanente,Ana Paula Dutra de Aguiar,https://www.gov.br/inpe/pt-br/area-conhecimento/posgraduacao/cst/docentes,2026-04-08
PGCST,Ciencia do Sistema Terrestre,Docente Permanente,Angelica Giarolla,https://www.gov.br/inpe/pt-br/area-conhecimento/posgraduacao/cst/docentes,2026-04-08
PGCST,Ciencia do Sistema Terrestre,Docente Permanente,Carlos Afonso Nobre,https://www.gov.br/inpe/pt-br/area-conhecimento/posgraduacao/cst/docentes,2026-04-08
PGCST,Ciencia do Sistema Terrestre,Docente Permanente,Celso von Randow,https://www.gov.br/inpe/pt-br/area-conhecimento/posgraduacao/cst/docentes,2026-04-08
PGCST,Ciencia do Sistema Terrestre,Docente Permanente,Daniel Andres Rodriguez,https://www.gov.br/inpe/pt-br/area-conhecimento/posgraduacao/cst/docentes,2026-04-08
PGCST,Ciencia do Sistema Terrestre,Docente Permanente,Enio Bueno Pereira,https://www.gov.br/inpe/pt-br/area-conhecimento/posgraduacao/cst/docentes,2026-04-08
PGCST,Ciencia do Sistema Terrestre,Docente Permanente,Gilberto Camara,https://www.gov.br/inpe/pt-br/area-conhecimento/posgraduacao/cst/docentes,2026-04-08
PGCST,Ciencia do Sistema Terrestre,Docente Permanente,Gilvan Sampaio de Oliveira,https://www.gov.br/inpe/pt-br/area-conhecimento/posgraduacao/cst/docentes,2026-04-08
PGCST,Ciencia do Sistema Terrestre,Docente Permanente,Gustavo Felipe Balue Arcoverde,https://www.gov.br/inpe/pt-br/area-conhecimento/posgraduacao/cst/docentes,2026-04-08
PGCST,Ciencia do Sistema Terrestre,Docente Permanente,Javier Tomasella,https://www.gov.br/inpe/pt-br/area-conhecimento/posgraduacao/cst/docentes,2026-04-08
PGCST,Ciencia do Sistema Terrestre,Docente Permanente,Jean Pierre Henry Balbaud Ometto,https://www.gov.br/inpe/pt-br/area-conhecimento/posgraduacao/cst/docentes,2026-04-08
PGCST,Ciencia do Sistema Terrestre,Docente Permanente,Laura De Simone Borma,https://www.gov.br/inpe/pt-br/area-conhecimento/posgraduacao/cst/docentes,2026-04-08
PGCST,Ciencia do Sistema Terrestre,Docente Permanente,Lincoln Muniz Alves,https://www.gov.br/inpe/pt-br/area-conhecimento/posgraduacao/cst/docentes,2026-04-08
PGCST,Ciencia do Sistema Terrestre,Docente Permanente,Luciana Vanni Gatti,https://www.gov.br/inpe/pt-br/area-conhecimento/posgraduacao/cst/docentes,2026-04-08
PGCST,Ciencia do Sistema Terrestre,Docente Permanente,Manoel Ferreira Cardoso,https://www.gov.br/inpe/pt-br/area-conhecimento/posgraduacao/cst/docentes,2026-04-08
PGCST,Ciencia do Sistema Terrestre,Docente Permanente,Myanna Hvid Lahsen,https://www.gov.br/inpe/pt-br/area-conhecimento/posgraduacao/cst/docentes,2026-04-08
PGCST,Ciencia do Sistema Terrestre,Docente Permanente,Pedro Ribeiro de Andrade Neto,https://www.gov.br/inpe/pt-br/area-conhecimento/posgraduacao/cst/docentes,2026-04-08
PGCST,Ciencia do Sistema Terrestre,Docente Permanente,Plinio Carlos Alvala,https://www.gov.br/inpe/pt-br/area-conhecimento/posgraduacao/cst/docentes,2026-04-08
PGCST,Ciencia do Sistema Terrestre,Docente Permanente,Regina Celia dos Santos Alvala,https://www.gov.br/inpe/pt-br/area-conhecimento/posgraduacao/cst/docentes,2026-04-08
PGCST,Ciencia do Sistema Terrestre,Docente Permanente,Victor Marchezini,https://www.gov.br/inpe/pt-br/area-conhecimento/posgraduacao/cst/docentes,2026-04-08
PGETE,Engenharia e Tecnologia Espaciais,Docente,Antonio Fernando Bertachini De Almeida Prado,https://www.gov.br/inpe/pt-br/area-conhecimento/posgraduacao/ete/corpo-docente-do-curso-de-pos-graduacao-em-engenharia-e-tecnologia-espaciais,2026-04-08
PGETE,Engenharia e Tecnologia Espaciais,Docente,Denize Kalempa,https://www.gov.br/inpe/pt-br/area-conhecimento/posgraduacao/ete/corpo-docente-do-curso-de-pos-graduacao-em-engenharia-e-tecnologia-espaciais,2026-04-08
PGETE,Engenharia e Tecnologia Espaciais,Docente,Evaldo Jose Corat,https://www.gov.br/inpe/pt-br/area-conhecimento/posgraduacao/ete/corpo-docente-do-curso-de-pos-graduacao-em-engenharia-e-tecnologia-espaciais,2026-04-08
PGETE,Engenharia e Tecnologia Espaciais,Docente,Everson Mattos,https://www.gov.br/inpe/pt-br/area-conhecimento/posgraduacao/ete/corpo-docente-do-curso-de-pos-graduacao-em-engenharia-e-tecnologia-espaciais,2026-04-08
PGETE,Engenharia e Tecnologia Espaciais,Docente,Fernando De Souza Costa,https://www.gov.br/inpe/pt-br/area-conhecimento/posgraduacao/ete/corpo-docente-do-curso-de-pos-graduacao-em-engenharia-e-tecnologia-espaciais,2026-04-08
PGETE,Engenharia e Tecnologia Espaciais,Docente,Fernando Fachini Filho,https://www.gov.br/inpe/pt-br/area-conhecimento/posgraduacao/ete/corpo-docente-do-curso-de-pos-graduacao-em-engenharia-e-tecnologia-espaciais,2026-04-08
PGETE,Engenharia e Tecnologia Espaciais,Docente,Geilson Loureiro,https://www.gov.br/inpe/pt-br/area-conhecimento/posgraduacao/ete/corpo-docente-do-curso-de-pos-graduacao-em-engenharia-e-tecnologia-espaciais,2026-04-08
PGETE,Engenharia e Tecnologia Espaciais,Docente,Isaias de Oliveira,https://www.gov.br/inpe/pt-br/area-conhecimento/posgraduacao/ete/corpo-docente-do-curso-de-pos-graduacao-em-engenharia-e-tecnologia-espaciais,2026-04-08
PGETE,Engenharia e Tecnologia Espaciais,Docente,Jognes Panasiewicz Jr.,https://www.gov.br/inpe/pt-br/area-conhecimento/posgraduacao/ete/corpo-docente-do-curso-de-pos-graduacao-em-engenharia-e-tecnologia-espaciais,2026-04-08
PGETE,Engenharia e Tecnologia Espaciais,Docente,Jose Osvaldo Rossi,https://www.gov.br/inpe/pt-br/area-conhecimento/posgraduacao/ete/corpo-docente-do-curso-de-pos-graduacao-em-engenharia-e-tecnologia-espaciais,2026-04-08
PGETE,Engenharia e Tecnologia Espaciais,Docente,Leonel Fernando Perondi,https://www.gov.br/inpe/pt-br/area-conhecimento/posgraduacao/ete/corpo-docente-do-curso-de-pos-graduacao-em-engenharia-e-tecnologia-espaciais,2026-04-08
PGETE,Engenharia e Tecnologia Espaciais,Docente,Luiz Angelo Berni,https://www.gov.br/inpe/pt-br/area-conhecimento/posgraduacao/ete/corpo-docente-do-curso-de-pos-graduacao-em-engenharia-e-tecnologia-espaciais,2026-04-08
PGETE,Engenharia e Tecnologia Espaciais,Docente,Marcio Teixeira de Mendonca,https://www.gov.br/inpe/pt-br/area-conhecimento/posgraduacao/ete/corpo-docente-do-curso-de-pos-graduacao-em-engenharia-e-tecnologia-espaciais,2026-04-08
PGETE,Engenharia e Tecnologia Espaciais,Docente,Maria de Fatima Mattiello Francisco,https://www.gov.br/inpe/pt-br/area-conhecimento/posgraduacao/ete/corpo-docente-do-curso-de-pos-graduacao-em-engenharia-e-tecnologia-espaciais,2026-04-08
PGETE,Engenharia e Tecnologia Espaciais,Docente,Mauricio Goncalves Vieira Ferreira,https://www.gov.br/inpe/pt-br/area-conhecimento/posgraduacao/ete/corpo-docente-do-curso-de-pos-graduacao-em-engenharia-e-tecnologia-espaciais,2026-04-08
PGETE,Engenharia e Tecnologia Espaciais,Docente,Mauricio Ribeiro Baldan,https://www.gov.br/inpe/pt-br/area-conhecimento/posgraduacao/ete/corpo-docente-do-curso-de-pos-graduacao-em-engenharia-e-tecnologia-espaciais,2026-04-08
PGETE,Engenharia e Tecnologia Espaciais,Docente,Milton de Freitas Chagas Junior,https://www.gov.br/inpe/pt-br/area-conhecimento/posgraduacao/ete/corpo-docente-do-curso-de-pos-graduacao-em-engenharia-e-tecnologia-espaciais,2026-04-08
PGETE,Engenharia e Tecnologia Espaciais,Docente,Patricia Regina Pereira Barreto,https://www.gov.br/inpe/pt-br/area-conhecimento/posgraduacao/ete/corpo-docente-do-curso-de-pos-graduacao-em-engenharia-e-tecnologia-espaciais,2026-04-08
PGETE,Engenharia e Tecnologia Espaciais,Docente,Paulo Henrique De Oliveira Rappl,https://www.gov.br/inpe/pt-br/area-conhecimento/posgraduacao/ete/corpo-docente-do-curso-de-pos-graduacao-em-engenharia-e-tecnologia-espaciais,2026-04-08
PGETE,Engenharia e Tecnologia Espaciais,Docente,Rafael Lopes Costa,https://www.gov.br/inpe/pt-br/area-conhecimento/posgraduacao/ete/corpo-docente-do-curso-de-pos-graduacao-em-engenharia-e-tecnologia-espaciais,2026-04-08
PGETE,Engenharia e Tecnologia Espaciais,Docente,Sergio Luiz Mineiro,https://www.gov.br/inpe/pt-br/area-conhecimento/posgraduacao/ete/corpo-docente-do-curso-de-pos-graduacao-em-engenharia-e-tecnologia-espaciais,2026-04-08
PGETE,Engenharia e Tecnologia Espaciais,Docente,Vladimir Jesus Trava Airoldi,https://www.gov.br/inpe/pt-br/area-conhecimento/posgraduacao/ete/corpo-docente-do-curso-de-pos-graduacao-em-engenharia-e-tecnologia-espaciais,2026-04-08
PGETE,Engenharia e Tecnologia Espaciais,Docente,Waldeir Amaral Vilela,https://www.gov.br/inpe/pt-br/area-conhecimento/posgraduacao/ete/corpo-docente-do-curso-de-pos-graduacao-em-engenharia-e-tecnologia-espaciais,2026-04-08
PGETE,Engenharia e Tecnologia Espaciais,Docente,Walter Abrahao Dos Santos,https://www.gov.br/inpe/pt-br/area-conhecimento/posgraduacao/ete/corpo-docente-do-curso-de-pos-graduacao-em-engenharia-e-tecnologia-espaciais,2026-04-08
PGGES,Geofisica Espacial,Docente Colaborador,Alicia Luiza Clua de Gonzalez Alarcon,https://www.gov.br/inpe/pt-br/area-conhecimento/posgraduacao/ges/corpo-docente,2026-04-08
PGGES,Geofisica Espacial,Docente Colaborador,Andrea Cristina Lima dos Santos Matos,https://www.gov.br/inpe/pt-br/area-conhecimento/posgraduacao/ges/corpo-docente,2026-04-08
PGGES,Geofisica Espacial,Docente Colaborador,Ivan Jelinek Kantor,https://www.gov.br/inpe/pt-br/area-conhecimento/posgraduacao/ges/corpo-docente,2026-04-08
PGGES,Geofisica Espacial,Docente Colaborador,Severino Luiz Guimaraes Dutra,https://www.gov.br/inpe/pt-br/area-conhecimento/posgraduacao/ges/corpo-docente,2026-04-08
PGGES,Geofisica Espacial,Docente Colaborador,Walter Demetrio Gonzalez Alarcon,https://www.gov.br/inpe/pt-br/area-conhecimento/posgraduacao/ges/corpo-docente,2026-04-08
PGGES,Geofisica Espacial,Docente Permanente,Alexandre Alvares Pimenta,https://www.gov.br/inpe/pt-br/area-conhecimento/posgraduacao/ges/corpo-docente,2026-04-08
PGGES,Geofisica Espacial,Docente Permanente,Alisson Dal Lago,https://www.gov.br/inpe/pt-br/area-conhecimento/posgraduacao/ges/corpo-docente,2026-04-08
PGGES,Geofisica Espacial,Docente Permanente,Antonio Lopes Padilha,https://www.gov.br/inpe/pt-br/area-conhecimento/posgraduacao/ges/corpo-docente,2026-04-08
PGGES,Geofisica Espacial,Docente Permanente,Clezio Marcos De Nardin,https://www.gov.br/inpe/pt-br/area-conhecimento/posgraduacao/ges/corpo-docente,2026-04-08
PGGES,Geofisica Espacial,Docente Permanente,Cristiano Max Wrasse,https://www.gov.br/inpe/pt-br/area-conhecimento/posgraduacao/ges/corpo-docente,2026-04-08
PGGES,Geofisica Espacial,Docente Permanente,Delano Gobbi,https://www.gov.br/inpe/pt-br/area-conhecimento/posgraduacao/ges/corpo-docente,2026-04-08
PGGES,Geofisica Espacial,Docente Permanente,Eliah Fernanda de Maria de Sao Sabbas Tavares,https://www.gov.br/inpe/pt-br/area-conhecimento/posgraduacao/ges/corpo-docente,2026-04-08
PGGES,Geofisica Espacial,Docente Permanente,Erico Luiz Rempel,https://www.gov.br/inpe/pt-br/area-conhecimento/posgraduacao/ges/corpo-docente,2026-04-08
PGGES,Geofisica Espacial,Docente Permanente,Esfhan Alam Kherani,https://www.gov.br/inpe/pt-br/area-conhecimento/posgraduacao/ges/corpo-docente,2026-04-08
PGGES,Geofisica Espacial,Docente Permanente,Eurico Rodrigues De Paula,https://www.gov.br/inpe/pt-br/area-conhecimento/posgraduacao/ges/corpo-docente,2026-04-08
PGGES,Geofisica Espacial,Docente Permanente,Ezequiel Echer,https://www.gov.br/inpe/pt-br/area-conhecimento/posgraduacao/ges/corpo-docente,2026-04-08
PGGES,Geofisica Espacial,Docente Permanente,Fabio Becker Guedes,https://www.gov.br/inpe/pt-br/area-conhecimento/posgraduacao/ges/corpo-docente,2026-04-08
PGGES,Geofisica Espacial,Docente Permanente,Hisao Takahashi,https://www.gov.br/inpe/pt-br/area-conhecimento/posgraduacao/ges/corpo-docente,2026-04-08
PGGES,Geofisica Espacial,Docente Permanente,Inez Staciarini Batista,https://www.gov.br/inpe/pt-br/area-conhecimento/posgraduacao/ges/corpo-docente,2026-04-08
PGGES,Geofisica Espacial,Docente Permanente,Jonas Rodrigues De Souza,https://www.gov.br/inpe/pt-br/area-conhecimento/posgraduacao/ges/corpo-docente,2026-04-08
PGGES,Geofisica Espacial,Docente Permanente,Kleber Pinheiro Naccarato,https://www.gov.br/inpe/pt-br/area-conhecimento/posgraduacao/ges/corpo-docente,2026-04-08
PGGES,Geofisica Espacial,Docente Permanente,Livia Ribeiro Alves,https://www.gov.br/inpe/pt-br/area-conhecimento/posgraduacao/ges/corpo-docente,2026-04-08
PGGES,Geofisica Espacial,Docente Permanente,Luis Eduardo Antunes Vieira,https://www.gov.br/inpe/pt-br/area-conhecimento/posgraduacao/ges/corpo-docente,2026-04-08
PGGES,Geofisica Espacial,Docente Permanente,Marcelo Magalhaes Fares Saba,https://www.gov.br/inpe/pt-br/area-conhecimento/posgraduacao/ges/corpo-docente,2026-04-08
PGGES,Geofisica Espacial,Docente Permanente,Maria Paulete Pereira Martins,https://www.gov.br/inpe/pt-br/area-conhecimento/posgraduacao/ges/corpo-docente,2026-04-08
PGGES,Geofisica Espacial,Docente Permanente,Maria Virginia Alves,https://www.gov.br/inpe/pt-br/area-conhecimento/posgraduacao/ges/corpo-docente,2026-04-08
PGGES,Geofisica Espacial,Docente Permanente,Marlos Rockenbach da Silva,https://www.gov.br/inpe/pt-br/area-conhecimento/posgraduacao/ges/corpo-docente,2026-04-08
PGGES,Geofisica Espacial,Docente Permanente,Odim Mendes Junior,https://www.gov.br/inpe/pt-br/area-conhecimento/posgraduacao/ges/corpo-docente,2026-04-08
PGGES,Geofisica Espacial,Docente Permanente,Paulo Prado Batista,https://www.gov.br/inpe/pt-br/area-conhecimento/posgraduacao/ges/corpo-docente,2026-04-08
PGMET,Meteorologia,Docente Colaborador,Enver Manuel Amador Ramirez Gutierrez,https://www.gov.br/inpe/pt-br/area-conhecimento/posgraduacao/met/docentes,2026-04-08
PGMET,Meteorologia,Docente Colaborador,Jose Paulo Bonatti,https://www.gov.br/inpe/pt-br/area-conhecimento/posgraduacao/met/docentes,2026-04-08
PGMET,Meteorologia,Docente Colaborador,Karla Maria Longo de Freitas,https://www.gov.br/inpe/pt-br/area-conhecimento/posgraduacao/met/docentes,2026-04-08
PGMET,Meteorologia,Docente Colaborador,Nelson Jesuz Ferreira,https://www.gov.br/inpe/pt-br/area-conhecimento/posgraduacao/met/docentes,2026-04-08
PGMET,Meteorologia,Docente Colaborador,Renato Galante Negri,https://www.gov.br/inpe/pt-br/area-conhecimento/posgraduacao/met/docentes,2026-04-08
PGMET,Meteorologia,Docente Permanente,Caio Augusto Dos Santos Coelho,https://www.gov.br/inpe/pt-br/area-conhecimento/posgraduacao/met/docentes,2026-04-08
PGMET,Meteorologia,Docente Permanente,Carlos Afonso Nobre,https://www.gov.br/inpe/pt-br/area-conhecimento/posgraduacao/met/docentes,2026-04-08
PGMET,Meteorologia,Docente Permanente,Chou Sin Chan,https://www.gov.br/inpe/pt-br/area-conhecimento/posgraduacao/met/docentes,2026-04-08
PGMET,Meteorologia,Docente Permanente,Dirceu Luis Herdies,https://www.gov.br/inpe/pt-br/area-conhecimento/posgraduacao/met/docentes,2026-04-08
PGMET,Meteorologia,Docente Permanente,Eder Paulo Vendrasco,https://www.gov.br/inpe/pt-br/area-conhecimento/posgraduacao/met/docentes,2026-04-08
PGMET,Meteorologia,Docente Permanente,Gilberto Fernando Fisch,https://www.gov.br/inpe/pt-br/area-conhecimento/posgraduacao/met/docentes,2026-04-08
PGMET,Meteorologia,Docente Permanente,Iracema Fonseca De Albuquerque Cavalcanti,https://www.gov.br/inpe/pt-br/area-conhecimento/posgraduacao/met/docentes,2026-04-08
PGMET,Meteorologia,Docente Permanente,Jose Antonio Marengo Orsini,https://www.gov.br/inpe/pt-br/area-conhecimento/posgraduacao/met/docentes,2026-04-08
PGMET,Meteorologia,Docente Permanente,Luciano Ponzi Pezzi,https://www.gov.br/inpe/pt-br/area-conhecimento/posgraduacao/met/docentes,2026-04-08
PGMET,Meteorologia,Docente Permanente,Luis Gustavo Goncalves De Goncalves,https://www.gov.br/inpe/pt-br/area-conhecimento/posgraduacao/met/docentes,2026-04-08
PGMET,Meteorologia,Docente Permanente,Luiz Fernando Sapucci,https://www.gov.br/inpe/pt-br/area-conhecimento/posgraduacao/met/docentes,2026-04-08
PGMET,Meteorologia,Docente Permanente,Manoel Alonso Gan,https://www.gov.br/inpe/pt-br/area-conhecimento/posgraduacao/met/docentes,2026-04-08
PGMET,Meteorologia,Docente Permanente,Marcelo Enrique Seluchi,https://www.gov.br/inpe/pt-br/area-conhecimento/posgraduacao/met/docentes,2026-04-08
PGMET,Meteorologia,Docente Permanente,Natalia Rudorff Oliveira,https://www.gov.br/inpe/pt-br/area-conhecimento/posgraduacao/met/docentes,2026-04-08
PGMET,Meteorologia,Docente Permanente,Paulo Nobre,https://www.gov.br/inpe/pt-br/area-conhecimento/posgraduacao/met/docentes,2026-04-08
PGMET,Meteorologia,Docente Permanente,Paulo Yoshio Kubota,https://www.gov.br/inpe/pt-br/area-conhecimento/posgraduacao/met/docentes,2026-04-08
PGMET,Meteorologia,Docente Permanente,Ronald Buss De Souza,https://www.gov.br/inpe/pt-br/area-conhecimento/posgraduacao/met/docentes,2026-04-08
PGMET,Meteorologia,Docente Permanente,Saulo Ribeiro De Freitas,https://www.gov.br/inpe/pt-br/area-conhecimento/posgraduacao/met/docentes,2026-04-08
PGMET,Meteorologia,Docente Permanente,Silvio Nilo Figueroa Rivero,https://www.gov.br/inpe/pt-br/area-conhecimento/posgraduacao/met/docentes,2026-04-08
PGMET,Meteorologia,Docente Permanente,Simone Marilene Sievert Da Costa Coelho,https://www.gov.br/inpe/pt-br/area-conhecimento/posgraduacao/met/docentes,2026-04-08
PGMET,Meteorologia,Docente Permanente,Thiago Souza Biscaro,https://www.gov.br/inpe/pt-br/area-conhecimento/posgraduacao/met/docentes,2026-04-08
PGMET,Meteorologia,Pesquisador Emerito,Carlos Afonso Nobre,https://www.gov.br/inpe/pt-br/area-conhecimento/posgraduacao/met/docentes,2026-04-08
PGMET,Meteorologia,Pesquisador Emerito,Juan Carlos Ceballos,https://www.gov.br/inpe/pt-br/area-conhecimento/posgraduacao/met/docentes,2026-04-08
PGSER,Sensoriamento Remoto,Docente Colaborador,Evlyn Marcia Leao De Moraes Novo,https://www.gov.br/inpe/pt-br/area-conhecimento/posgraduacao/ser/docentes,2026-04-08
PGSER,Sensoriamento Remoto,Docente Colaborador,Joao Antonio Lorenzzetti,https://www.gov.br/inpe/pt-br/area-conhecimento/posgraduacao/ser/docentes,2026-04-08
PGSER,Sensoriamento Remoto,Docente Colaborador,Jose Claudio Mura,https://www.gov.br/inpe/pt-br/area-conhecimento/posgraduacao/ser/docentes,2026-04-08
PGSER,Sensoriamento Remoto,Docente Permanente,Antonio Miguel Vieira Monteiro,https://www.gov.br/inpe/pt-br/area-conhecimento/posgraduacao/ser/docentes,2026-04-08
PGSER,Sensoriamento Remoto,Docente Permanente,Camilo Daleles Renno,https://www.gov.br/inpe/pt-br/area-conhecimento/posgraduacao/ser/docentes,2026-04-08
PGSER,Sensoriamento Remoto,Docente Permanente,Claudia Maria De Almeida,https://www.gov.br/inpe/pt-br/area-conhecimento/posgraduacao/ser/docentes,2026-04-08
PGSER,Sensoriamento Remoto,Docente Permanente,Claudio Clemente Faria Barbosa,https://www.gov.br/inpe/pt-br/area-conhecimento/posgraduacao/ser/docentes,2026-04-08
PGSER,Sensoriamento Remoto,Docente Permanente,Daniel Andrade Maciel,https://www.gov.br/inpe/pt-br/area-conhecimento/posgraduacao/ser/docentes,2026-04-08
PGSER,Sensoriamento Remoto,Docente Permanente,Douglas Francisco Marcolino Gherardi,https://www.gov.br/inpe/pt-br/area-conhecimento/posgraduacao/ser/docentes,2026-04-08
PGSER,Sensoriamento Remoto,Docente Permanente,Fabio Furlan Gama,https://www.gov.br/inpe/pt-br/area-conhecimento/posgraduacao/ser/docentes,2026-04-08
PGSER,Sensoriamento Remoto,Docente Permanente,Leila Maria Garcia Fonseca,https://www.gov.br/inpe/pt-br/area-conhecimento/posgraduacao/ser/docentes,2026-04-08
PGSER,Sensoriamento Remoto,Docente Permanente,Lenio Soares Galvao,https://www.gov.br/inpe/pt-br/area-conhecimento/posgraduacao/ser/docentes,2026-04-08
PGSER,Sensoriamento Remoto,Docente Permanente,Liana Oighenstein Anderson,https://www.gov.br/inpe/pt-br/area-conhecimento/posgraduacao/ser/docentes,2026-04-08
PGSER,Sensoriamento Remoto,Docente Permanente,Luciano Ponzi Pezzi,https://www.gov.br/inpe/pt-br/area-conhecimento/posgraduacao/ser/docentes,2026-04-08
PGSER,Sensoriamento Remoto,Docente Permanente,Luiz Eduardo Oliveira e Cruz de Aragao,https://www.gov.br/inpe/pt-br/area-conhecimento/posgraduacao/ser/docentes,2026-04-08
PGSER,Sensoriamento Remoto,Docente Permanente,Marcos Adami,https://www.gov.br/inpe/pt-br/area-conhecimento/posgraduacao/ser/docentes,2026-04-08
PGSER,Sensoriamento Remoto,Docente Permanente,Maria Isabel Sobral Escada,https://www.gov.br/inpe/pt-br/area-conhecimento/posgraduacao/ser/docentes,2026-04-08
PGSER,Sensoriamento Remoto,Docente Permanente,Milton Kampel,https://www.gov.br/inpe/pt-br/area-conhecimento/posgraduacao/ser/docentes,2026-04-08
PGSER,Sensoriamento Remoto,Docente Permanente,Sidnei Joao Siqueira Sant Anna,https://www.gov.br/inpe/pt-br/area-conhecimento/posgraduacao/ser/docentes,2026-04-08
PGSER,Sensoriamento Remoto,Docente Permanente,Silvana Amaral Kampel,https://www.gov.br/inpe/pt-br/area-conhecimento/posgraduacao/ser/docentes,2026-04-08
PGSER,Sensoriamento Remoto,Docente Permanente,Thales Sehn Korting,https://www.gov.br/inpe/pt-br/area-conhecimento/posgraduacao/ser/docentes,2026-04-08
